{"difficulty":"Easy","sumOfFitness":72,"previousProbability":[0.16666666666666666,0.3055555555555556,0.4444444444444445,0.5833333333333334,0.7222222222222223,0.8611111111111112,1.0]}