{"difficulty":"Hard","sumOfFitness":68,"previousProbability":[0.11764705882352941,0.2647058823529412,0.4117647058823529,0.5588235294117647,0.7058823529411765,0.8529411764705883,1.0]}